"2017-07-22 20:56:21","The Bodoland People's Front (BPF) is a state political party in Assam state in northeastern India. The party is located in the area of Bodoland majorly in an area around Kokrajhar. The major ambition of the party is to create a new state called Bodoland for Bodo people.
In the 2009 general election its candidate, Sansuma Khunggur Bwiswmuthiary was elected to the 15th Lok Sabha from Kokrajhar constituency. Biswajit Daimary of this party was elected to the Rajya Sabha in May 2008. BPF had 10 members in the 12th Assam Legislative Assembly, and it is a constituent of the current Bharatiya Janata Party led ruling coalition in Assam.[2] In the 2011 Assam Assembly election, BPF won 12 seats.
In 2011, with 12 elected lawmakers, the BPF initially supported the Congress government, primarily because of the efforts of Himanta Biswa Sarma, the former minister in the Tarun Gogoi government who later joined the Bharatiya Janata Party.
With Assam heading for elections in 2016, Bharatiya Janata Party made its first alliance with the Bodoland People's Front in lower Assam.
The announcement was made on January 19 when Prime Minister Narendra Modi visits Kokrajhar headquarters of the autonomous Bodoland Territorial Council and announces a possible economic package of Rs 1000cr or the Bodoland Territorial Council area.[3]
It was declared that Out of 126 Assembly constituencies, Bharatiya Janata Party would contest in 84 constituencies and leave 42 others to its four allies - Asom Gana Parishad (24), BPF (16), Rabha Jatiya Aikya Manch (1) and Tiwa Jatiya Aikya Manch (1).
In the 2016 Assembly Elections, the BPF won 12 seats and the alliance was established after Bharatiya Janata Party led National Democratic Alliance which also includes Asom Gana Parishad formed its first government in Assam with Pramila Rani Brahma and Rihon Daimary sworn in as ministers in the Sarbananda Sonowal ministry.
In May 2016, after the Bharatiya Janata Party led National Democratic Alliance formed its first government in Assam, and formed a new alliance called the North-East Democratic Alliance (NEDA) with Himanta Biswa Sarma as its convener. The Chief Ministers of the north eastern states of Sikkim, Assam and Nagaland too belong to this alliance.[4]


"
"2017-02-01 08:05:26","The Bodoland People's Front (BPF) is a state political party in Assam state in northeastern India. The party is located in the area of Bodoland majorly in an area around Kokrajhar. The major ambition of the party is to create a new state called Bodoland for Bodo people.
In the 2009 general election its candidate, Sansuma Khunggur Bwiswmuthiary was elected to the 15th Lok Sabha from Kokrajhar constituency. Biswajit Daimary of this party was elected to the Rajya Sabha in May 2008. BPF had 10 members in the 12th Assam Legislative Assembly, and it is a constituent of the current Bharatiya Janata Party led ruling coalition in Assam.[2] In the 2011 Assam Assembly election, BPF won 12 seats.
In 2011, with 12 elected lawmakers, the BPF initially supported the Congress government, primarily because of the efforts of Himanta Biswa Sarma, the former minister in the Tarun Gogoi government who later joined the Bharatiya Janata Party.
With Assam heading for elections in 2016, Bharatiya Janata Party made its first alliance with the Bodoland People's Front in lower Assam.
The announcement was made on January 19 when Prime Minister Narendra Modi visits Kokrajhar headquarters of the autonomous Bodoland Territorial Council and announces a possible economic package of Rs 1000cr or the Bodoland Territorial Council area.[3]
It was declared that Out of 126 Assembly constituencies, Bharatiya Janata Party would contest in 84 constituencies and leave 42 others to its four allies - Asom Gana Parishad (24), BPF (16), Rabha Jatiya Aikya Manch (1) and Tiwa Jatiya Aikya Manch (1).
In the 2016 Assembly Elections, the BPF won 12 seats and the alliance was established after Bharatiya Janata Party led National Democratic Alliance which also includes Asom Gana Parishad formed its first government in Assam with Pramila Rani Brahma and Rihon Daimary sworn in as ministers in the Sarbananda Sonowal ministry.
In May 2016, after the Bharatiya Janata Party led National Democratic Alliance formed its first government in Assam, and formed a new alliance called the North-East Democratic Alliance (NEDA) with Himanta Biswa Sarma as its convener. The Chief Ministers of the north eastern states of Sikkim, Assam and Nagaland too belong to this alliance.[4]


"
"2017-01-04 06:45:01","The Bodoland People's Front (BPF) is a state political party in Assam state in northeastern India. The party is located in the area of Bodoland majorly in an area around Kokrajhar. The major ambition of the party is to create a new state called Bodoland for Bodo peaple.
In the 2009 general election its candidate, Sansuma Khunggur Bwiswmuthiary was elected to the 15th Lok Sabha from Kokrajhar constituency. Biswajit Daimary of this party was elected to the Rajya Sabha in May 2008. BPF had 10 members in the 12th Assam Legislative Assembly, and it is a constituent of the current Bharatiya Janata Party led ruling coalition in Assam.[2] In the 2011 Assam Assembly election, BPF won 12 seats.
In 2011, with 12 elected lawmakers, the BPF initially supported the Congress government, primarily because of the efforts of Himanta Biswa Sarma, the former minister in the Tarun Gogoi government who later joined the Bharatiya Janata Party.
With Assam heading for elections in 2016, Bharatiya Janata Party made its first alliance with the Bodoland People's Front in lower Assam.
The announcement was made on January 19 when Prime Minister Narendra Modi visits Kokrajhar headquarters of the autonomous Bodoland Territorial Council and announces a possible economic package of Rs 1000cr or the Bodoland Territorial Council area.[3]
It was declared that Out of 126 Assembly constituencies, Bharatiya Janata Party would contest in 84 constituencies and leave 42 others to its four allies - Asom Gana Parishad (24), BPF (16), Rabha Jatiya Aikya Manch (1) and Tiwa Jatiya Aikya Manch (1).
In the 2016 Assembly Elections, the BPF won 12 seats and the alliance was established after Bharatiya Janata Party led National Democratic Alliance which also includes Asom Gana Parishad formed its first government in Assam with Pramila Rani Brahma and Rihon Daimary sworn in as ministers in the Sarbananda Sonowal ministry.
In May 2016, after the Bharatiya Janata Party led National Democratic Alliance formed its first government in Assam, and formed a new alliance called the North-East Democratic Alliance (NEDA) with Himanta Biswa Sarma as its convener. The Chief Ministers of the north eastern states of Sikkim, Assam and Nagaland too belong to this alliance.[4]


"
"2016-12-24 12:55:58","The Bodoland People's Front (BPF) is a state political party in Assam state in northeastern India. The party is located in the area of Bodoland majorly in an area around Kokrajhar. The major ambition of the party is to create a new state called Bodoland for Bodo peaple.
In the 2009 general election its candidate, Sansuma Khunggur Bwiswmuthiary was elected to the 15th Lok Sabha from Kokrajhar constituency. Biswajit Daimary of this party was elected to the Rajya Sabha in May 2008. BPF had 10 members in the 12th Assam Legislative Assembly, and it is a constituent of the current Bharatiya Janata Party led ruling coalition in Assam.[2] In the 2011 Assam Assembly election, BPF won 12 seats.
In 2011, with 12 elected lawmakers, the BPF initially supported the Congress government, primarily because of the efforts of Himanta Biswa Sarma, the former minister in the Tarun Gogoi government who later joined the Bharatiya Janata Party.
With Assam heading for elections in 2016, Bharatiya Janata Party made its first alliance with the Bodoland People's Front in lower Assam.
The announcement was made on January 19 when Prime Minister Narendra Modi visits Kokrajhar headquarters of the autonomous Bodoland Territorial Council and announces a possible economic package of Rs 1000cr or the Bodoland Territorial Council area.[3]
It was declared that Out of 126 Assembly constituencies, Bharatiya Janata Party would contest in 84 constituencies and leave 42 others to its four allies - Asom Gana Parishad (24), BPF (16), Rabha Jatiya Aikya Manch (1) and Tiwa Jatiya Aikya Manch (1).
In the 2016 Assembly Elections, the BPF won 12 seats and the alliance was established after Bharatiya Janata Party led National Democratic Alliance which also includes Asom Gana Parishad formed its first government in Assam with Pramila Rani Brahma and Rihon Daimary sworn in as ministers in the Sarbananda Sonowal ministry.
In May 2016, after the Bharatiya Janata Party led National Democratic Alliance formed its first government in Assam, and formed a new alliance called the North-East Democratic Alliance (NEDA) with Himanta Biswa Sarma as its convener. The Chief Ministers of the north eastern states of Sikkim, Assam and Nagaland too belong to this alliance.[4]


"
"2016-12-14 02:25:42","The Bodoland People's Front (BPF) is a state political party in Assam state in northeastern India. The party is located in the area of Bodoland majorly in an area around Kokrajhar. The major ambition of the party is to create a new state called Bodoland astate for Bodo peaple.
In the 2009 general election its candidate, Sansuma Khunggur Bwiswmuthiary was elected to the 15th Lok Sabha from Kokrajhar constituency. Biswajit Daimary of this party was elected to the Rajya Sabha in May 2008. BPF had 10 members in the 12th Assam Legislative Assembly, and it is a constituent of the current Bharatiya Janata Party led ruling coalition in Assam.[2] In the 2011 Assam Assembly election, BPF won 12 seats.
In 2011, with 12 elected lawmakers, the BPF had supported the Congress government, primarily because of the efforts of Himanta Biswa Sarma, the former minister in the Tarun Gogoi government who's later joined the Bharatiya Janata Party.
With Assam heading for elections in 2016, Bharatiya Janata Party made its first alliance with the Bodoland People's Front in lower Assam.
The announcement was made on January 19 when Prime Minister Narendra Modi visits Kokrajhar headquarters of the autonomous Bodoland Territorial Council and announces a possible economic package of Rs 1000cr or the Bodoland Territorial Council area.[3]
It was declared that Out of 126 Assembly constituencies, Bharatiya Janata Party would contest in 84 constituencies and leave 42 others to its four allies - Asom Gana Parishad (24), BPF (16), Rabha Jatiya Aikya Manch (1) and Tiwa Jatiya Aikya Manch (1).
BPF won 12 seats and the alliance was established after Bharatiya Janata Party led National Democratic Alliance which includes Asom Gana Parishad and Bodoland People's Front formed its first government in Assam with Pramila Rani Brahma and Rihon Daimary sworn in as minister in the Sarbananda Sonowal ministry.
In May 2016, after the Bharatiya Janata Party led National Democratic Alliance formed its first government in Assam, and formed a new alliance called the North-East Democratic Alliance (NEDA) with Himanta Biswa Sarma as its convener. The Chief Ministers of the north eastern states of Sikkim, Assam and Nagaland too belong to this alliance. Thus, the National People's Party joined the BJP led NEDA.[4]


"
"2016-11-28 03:16:51","The Bodoland People's Front (BPF) is a state political party in Assam state in northeastern India. The party is located in the area of Bodoland majorly in an area around Kokrajhar. The major ambition of the party is to create a new state called Bodoland astate for Bodo peaple.
In the 2009 general election its candidate, Sansuma Khunggur Bwiswmuthiary was elected to the 15th Lok Sabha from Kokrajhar constituency. Biswajit Daimary of this party was elected to the Rajya Sabha in May 2008. BPF had 10 members in the 12th Assam Legislative Assembly, and it is a constituent of the current Bharatiya Janata Party led ruling coalition in Assam.[2] In the 2011 Assam Assembly election, BPF won 12 seats.
In 2011, with 12 elected lawmakers, the BPF had supported the Congress government, primarily because of the efforts of Himanta Biswa Sarma, the former minister in the Tarun Gogoi government who's later joined the Bharatiya Janata Party.
With Assam heading for elections in 2016, Bharatiya Janata Party made its first alliance with the Bodoland People's Front in lower Assam.
The announcement was made on January 19 when Prime Minister Narendra Modi visits Kokrajhar headquarters of the autonomous Bodoland Territorial Council and announces a possible economic package of Rs 1000cr or the Bodoland Territorial Council area.[3]
It was declared that Out of 126 Assembly constituencies, Bharatiya Janata Party would contest in 84 constituencies and leave 42 others to its four allies - Asom Gana Parishad (24), BPF (16), Rabha Jatiya Aikya Manch (1) and Tiwa Jatiya Aikya Manch (1).
BPF won 12 seats and the alliance was established after Bharatiya Janata Party led National Democratic Alliance which includes Asom Gana Parishad and Bodoland People's Front formed its first government in Assam with Pramila Rani Brahma and Rihon Daimary sworn in as minister in the Sarbananda Sonowal ministry.
In May 2016, after the Bharatiya Janata Party led National Democratic Alliance formed its first government in Assam, and formed a new alliance called the North-East Democratic Alliance (NEDA) with Himanta Biswa Sarma as its convener. The Chief Ministers of the north eastern states of Sikkim, Assam and Nagaland too belong to this alliance. Thus, the National People's Party joined the BJP led NEDA.[4]


"
"2016-11-15 02:51:49","The Bodoland People's Front (BPF) is a state political party in Assam state in northeastern India. In the 2009 general election its candidate, Sansuma Khunggur Bwiswmuthiary was elected to the 15th Lok Sabha from Kokrajhar constituency. Biswajit Daimary of this party was elected to the Rajya Sabha in May 2008. BPF had 10 members in the 12th Assam Legislative Assembly, and it is a constituent of the current Indian National Congress led ruling coalition in Assam.[2] In the 2011 Assam Assembly election, BPF won 12 seats.
In 2011, with 12 elected lawmakers, the Bodoland People's Front or BPF had supported the Congress government, primarily because of the efforts of Himanta Biswa Sarma, the former minister in the Gogoi government who's now joined the BJP.
With Assam heading for elections - expected to take place around April, 2016 - the BJP is all set to announce its first alliance with the Bodoland People's Front in lower Assam.
The announcement is expected to be made on January 19 when Prime Minister Narendra Modi visits Kokrajhar - headquarters of the autonomous Bodo Territorial Council (BTC)- and announces a possible economic package for the Bodo council.
Chief Hagrama Mohilary has claimed that the alliance BPF-BJP would defeat the ruling Congress party in the upcoimng election.

"
"2016-05-30 07:06:54","The Bodoland People's Front (BPF) is a state political party in Assam state in northeastern India. In the 2009 general election its candidate, Sansuma Khunggur Bwiswmuthiary was elected to the 15th Lok Sabha from Kokrajhar constituency. Biswajit Daimary of this party was elected to the Rajya Sabha in May 2008. BPF had 10 members in the 12th Assam Legislative Assembly, and it is a constituent of the current Indian National Congress led ruling coalition in Assam.[2] In the 2011 Assam Assembly election, BPF won 12 seats.
In 2011, with 12 elected lawmakers, the Bodoland People's Front or BPF had supported the Congress government, primarily because of the efforts of Himanta Biswa Sarma, the former minister in the Gogoi government who's now joined the BJP.
With Assam heading for elections - expected to take place around April, 2016 - the BJP is all set to announce its first alliance with the Bodoland People's Front in lower Assam.
The announcement is expected to be made on January 19 when Prime Minister Narendra Modi visits Kokrajhar - headquarters of the autonomous Bodo Territorial Council (BTC)- and announces a possible economic package for the Bodo council.
Chief Hagrama Mohilary has claimed that the alliance BPF-BJP would defeat the ruling Congress party in the upcoimng election.

"
"2016-05-25 11:50:47","The Bodoland People's Front (BPF) is a state political party in Assam state in northeastern India. In the general election, 2009 its candidate, Sansuma Khunggur Bwiswmuthiary was elected to the 15th Lok Sabha from Kokrajhar constituency. Biswajit Daimary of this party was elected to the Rajya Sabha in May, 2008. BPF had 10 members in the 12th Assam Legislative Assembly, and it is a constituent of the current Indian National Congress led ruling coalition in Assam.[2] In the 2011 Assam Assembly election, BPF won 12 seats.
In 2011, with 12 elected lawmakers, the Bodoland People's Front or BPF had supported the Congress government, primarily because of the efforts of Himanta Biswa Sarma, the former minister in the Gogoi government who's now joined the BJP.
With Assam heading for elections - expected to take place around April, 2016 - the BJP is all set to announce its first alliance with the Bodoland People's Front in lower Assam.
The announcement is expected to be made on January 19 when Prime Minister Narendra Modi visits Kokrajhar - headquarters of the autonomous Bodo Territorial Council (BTC)- and announces a possible economic package for the Bodo council.
Chief Hagrama Mohilary has claimed that the alliance BPF-BJP would defeat the ruling Congress party in the upcoimng election.

"
"2016-04-12 14:25:40","The Bodoland People's Front (BPF) is a state political party in Assam state in northeastern India. In the general election, 2009 its candidate, Sansuma Khunggur Bwiswmuthiary was elected to the 15th Lok Sabha from Kokrajhar constituency. Biswajit Daimary of this party was elected to the Rajya Sabha in May, 2008. BPF had 10 members in the 12th Assam Legislative Assembly, and it is a constituent of the current Indian National Congress led ruling coalition in Assam.[2] In the 2011 Assam Assembly election, BPF won 12 seats.
In 2011, with 12 elected lawmakers, the Bodoland People's Front or BPF had supported the Congress government, primarily because of the efforts of Himanta Biswa Sarma, the former minister in the Gogoi government who's now joined the BJP.
With Assam heading for elections - expected to take place around April, 2016 - the BJP is all set to announce its first alliance with the Bodoland People's Front in lower Assam.
The announcement is expected to be made on January 19 when Prime Minister Narendra Modi visits Kokrajhar - headquarters of the autonomous Bodo Territorial Council (BTC)- and announces a possible economic package for the Bodo council.
Chief Hagrama Mohilary has claimed that the alliance BPF-BJP would defeat the ruling Congress party in the upcoimng election.

"
"2016-04-04 01:44:54","The Bodoland People's Front (BPF) is a state political party in Assam state in northeastern India. In the general election, 2009 its candidate, Sansuma Khunggur Bwiswmuthiary was elected to the 15th Lok Sabha from Kokrajhar constituency. Biswajit Daimary of this party was elected to the Rajya Sabha in May, 2008. BPF had 10 members in the 12th Assam Legislative Assembly, and it is a constituent of the current Indian National Congress led ruling coalition in Assam.[2] In the 2011 Assam Assembly election, BPF won 12 seats.
In 2011, with 12 elected lawmakers, the Bodoland People's Front or BPF had supported the Congress government, primarily because of the efforts of Himanta Biswa Sarma, the former minister in the Gogoi government who's now joined the BJP.
With Assam heading for elections - expected to take place around April, 2016 - the BJP is all set to announce its first alliance with the Bodoland People's Front in lower Assam.
The announcement is expected to be made on January 19 when Prime Minister Narendra Modi visits Kokrajhar - headquarters of the autonomous Bodo Territorial Council (BTC)- and announces a possible economic package for the Bodo council.
Chief Hagrama Mohilary has claimed that the alliance BPF-BJP would defeat the ruling Congress party in the upcoimng election.

"
"2016-04-03 15:00:31","The Bodoland People's Front (BPF) is a state political party in Assam state in northeastern India. In the general election, 2009 its candidate, Sansuma Khunggur Bwiswmuthiary was elected to the 15th Lok Sabha from Kokrajhar constituency. Biswajit Daimary of this party was elected to the Rajya Sabha in May, 2008. BPF had 10 members in the 12th Assam Legislative Assembly, and it is a constituent of the current Indian National Congress led ruling coalition in Assam.[2] In the 2011 Assam Assembly election, BPF won 12 seats.
In 2011, with 12 elected lawmakers, the Bodoland People's Front or BPF had supported the Congress government, primarily because of the efforts of Himanta Biswa Sarma, the former minister in the Gogoi government who's now joined the BJP.
With Assam heading for electionsÂ - expected to take place around April, 2016 - the BJP is all set to announce its first alliance with the Bodoland People's Front in lower Assam.
The announcement is expected to be made on January 19 when Prime Minister Narendra Modi visits Kokrajhar - headquarters of the autonomous Bodo Territorial Council (BTC)- and announces a possible economic package for the Bodo council.
Chief Hagrama Mohilary has claimed that the alliance BPF-BJP would defeat the ruling Congress party in the upcoimng election.
"
"2016-04-03 14:33:35","The Bodoland People's Front (BPF) is a state political party in Assam state in northeastern India. In the general election, 2009 its candidate, Sansuma Khunggur Bwiswmuthiary was elected to the 15th Lok Sabha from Kokrajhar constituency. Biswajit Daimary of this party was elected to the Rajya Sabha in May, 2008. BPF had 10 members in the 12th Assam Legislative Assembly, and it is a constituent of the current Indian National Congress led ruling coalition in Assam.[2] In the 2011 Assam Assembly election, BPF won 12 seats.
"
"2016-03-29 03:03:02","The Bodoland People's Front (BPF) is a state political party in Assam state in northeastern India. In the general election, 2009 its candidate, Sansuma Khunggur Bwiswmuthiary was elected to the 15th Lok Sabha from Kokrajhar constituency. Biswajit Daimary of this party was elected to the Rajya Sabha in May, 2008. BPF had 10 members in the 12th Assam Legislative Assembly, and it is a constituent of the current Indian National Congress led ruling coalition in Assam.[2] In the 2011 Assam Assembly election, BPF won 12 seats.
"
"2016-03-29 03:02:21","The Bodoland People's Front (BPF) is a state political party in Assam state in northeastern India. In the general election, 2009 its candidate, Sansuma Khunggur Bwiswmuthiary was elected to the 15th Lok Sabha from Kokrajhar constituency. Biswajit Daimary of this party was elected to the Rajya Sabha in May, 2008. BPF had 10 members in the 12th Assam Legislative Assembly, and it is a constituent of the current Indian National Congress led ruling coalition in Assam.[2] In the 2011 Assam Assembly election, BPF won 12 seats.
[[Category:Bodoland People's Front]
"
"2016-03-24 11:15:35","The Bodoland People's Front (BPF) is a state political party in Assam state in northeastern India. In the general election, 2009 its candidate, Sansuma Khunggur Bwiswmuthiary was elected to the 15th Lok Sabha from Kokrajhar constituency. Biswajit Daimary of this party was elected to the Rajya Sabha in May, 2008. BPF had 10 members in the 12th Assam Legislative Assembly, and it is a constituent of the current Indian National Congress led ruling coalition in Assam.[2] In the 2011 Assam Assembly election, BPF won 12 seats.
"
"2016-03-07 18:22:18","The Bodoland People's Front (BPF) is a state political party in Assam state in northeastern India. In the general election, 2009 its candidate, Sansuma Khunggur Bwiswmuthiary was elected to the 15th Lok Sabha from Kokrajhar constituency. Biswajit Daimary of this party was elected to the Rajya Sabha in May, 2008. BPF had 10 members in the 12th Assam Legislative Assembly, and it is a constituent of the current Indian National Congress led ruling coalition in Assam.[2] In the 2011 Assam Assembly election, BPF won 12 seats.
"
"2015-12-29 06:19:14","The Bodoland People's Front (BPF) is a state political party in Assam state in northeastern India. In the general election, 2009 its candidate, Sansuma Khunggur Bwiswmuthiary was elected to the 15th Lok Sabha from Kokrajhar constituency. Biswajit Daimary of this party was elected to the Rajya Sabha in May, 2008. BPF had 10 members in the 12th Assam Legislative Assembly, and it is a constituent of the current Indian National Congress led ruling coalition in Assam.[2] In the 2011 Assam Assembly election, BPF won 12 seats.
"
"2015-11-27 08:25:23","The Bodoland People's Front (BPF) is a state political party in Assam state in northeastern India. In the general election, 2009 its candidate, Sansuma Khunggur Bwiswmuthiary was elected to the 15th Lok Sabha from Kokrajhar constituency. Biswajit Daimary of this party was elected to the Rajya Sabha in May, 2008. BPF had 10 members in the 12th Assam Legislative Assembly, and it is a constituent of the current Indian National Congress led ruling coalition in Assam.[2] In the 2011 Assam Assembly election, BPF won 12 seats.
"
"2015-11-27 08:24:49","The Bodoland People's Front (BPF) is a state political party in Assam state in northeastern India. In the general election, 2009 its candidate, Sansuma Khunggur Bwiswmuthiary was elected to the 15th Lok Sabha from Kokrajhar constituency. Biswajit Daimary of this party was elected to the Rajya Sabha in May, 2008. BPF had 10 members in the 12th Assam Legislative Assembly, and it is a constituent of the current Indian National Congress led ruling coalition in Assam.[2] In the 2011 Assam Assembly election, BPF won 12 seats.
"
"2015-05-31 10:29:42","The Bodoland People's Front (BPF) is a state political party in Assam state in northeastern India. In the general election, 2009 its candidate, Sansuma Khunggur Bwiswmuthiary was elected to the 15th Lok Sabha from Kokrajhar constituency. Biswajit Daimary of this party was elected to the Rajya Sabha in May, 2008. BPF had 10 members in the 12th Assam Legislative Assembly, and it is a constituent of the current Indian National Congress led ruling coalition in Assam.[2] In the 2011 Assam Assembly election, BPF won 12 seats.
"
"2015-04-14 23:31:05","The Bodoland People's Front (BPF) is a state political party in Assam state in northeastern India. In the general election, 2009 its candidate, Sansuma Khunggur Bwiswmuthiary was elected to the 15th Lok Sabha from Kokrajhar constituency. Biswajit Daimary of this party was elected to the Rajya Sabha in May, 2008. BPF had 10 members in the 12th Assam Legislative Assembly, and it is a constituent of the current Indian National Congress led ruling coalition in Assam.[2] In the 2011 Assam Assembly election, BPF won 12 seats.
"
"2015-02-08 05:24:12","The Bodoland People's Front (BPF) is a state political party in Assam state in northeastern India. In the general election, 2009 its candidate, Sansuma Khunggur Bwiswmuthiary was elected to the 15th Lok Sabha from Kokrajhar constituency. Biswajit Daimary of this party was elected to the Rajya Sabha in May, 2008. BPF had 10 members in the 12th Assam Legislative Assembly, and it is a constituent of the current Indian National Congress led ruling coalition in Assam.[2] In the 2011 Assam Assembly election, BPF won 12 seats.
"
"2015-01-18 04:32:55","The Bodoland People's Front (BPF) is a state political party in Assam state in northeastern India. In the general election, 2009 its candidate, Sansuma Khunggur Bwiswmuthiary was elected to the 15th Lok Sabha from Kokrajhar constituency. Biswajit Daimary of this party was elected to the Rajya Sabha in May, 2008. BPF had 10 members in the 12th Assam Legislative Assembly, and it is a constituent of the current Indian National Congress led ruling coalition in Assam.[2] In the 2011 Assam Assembly election, BPF won 12 seats.
"
"2014-08-14 10:16:18","The Bodoland People's Front (BPF) is a state political party in Assam state in northeastern India. In the general election, 2009 its candidate, Sansuma Khunggur Bwiswmuthiary was elected to the 15th Lok Sabha from Kokrajhar constituency. Biswajit Daimary of this party was elected to the Rajya Sabha in May, 2008. BPF had 10 members in the 12th Assam Legislative Assembly, and it is a constituent of the current Indian National Congress led ruling coalition in Assam.[2] In the 2011 Assam Assembly election, BPF won 12 seats.
"
"2014-08-03 20:21:20","The Bodoland People's Front (BPF) is a state political party in Assam state in northeastern India. In the general election, 2009 its candidate, Sansuma Khunggur Bwiswmuthiary was elected to the 15th Lok Sabha from Kokrajhar constituency. Biswajit Daimary of this party was elected to the Rajya Sabha in May, 2008. BPF had 10 members in the 12th Assam Legislative Assembly, and it is a constituent of the current Indian National Congress led ruling coalition in Assam.[2] In the 2011 Assam Assembly election, BPF won 12 seats.
"
"2014-07-29 07:29:38","The Bodoland People's Front (BPF) is a state political party in Assam state in northeastern India. In the general election, 2009 its candidate, Sansuma Khunggur Bwiswmuthiary was elected to the 15th Lok Sabha from Kokrajhar constituency. Biswajit Daimary of this party was elected to the Rajya Sabha in May, 2008. BPF had 10 members in the 12th Assam Legislative Assembly, and it is a constituent of the current Indian National Congress led ruling coalition in Assam.[2] In the 2011 Assam Assembly election, BPF won 12 seats.
"
"2014-07-29 07:29:07","The Bodoland People's Front (BPF) is a state political party in Assam state in northeastern India. In the general election, 2009 its candidate, Sansuma Khunggur Bwiswmuthiary was elected to the 15th Lok Sabha from Kokrajhar constituency. Biswajit Daimary of this party was elected to the Rajya Sabha in May, 2008. BPF had 10 members in the 12th Assam Legislative Assembly, and it is a constituent of the current Indian National Congress led ruling coalition in Assam.[2] In the 2011 Assam Assembly election, BPF won 12 seats.
"
"2014-06-20 16:08:15","The Bodoland People's Front (BPF) is a state political party in Assam state in northeastern India. In the general election, 2009 its candidate, Sansuma Khunggur Bwiswmuthiary was elected to the 15th Lok Sabha from Kokrajhar constituency. Biswajit Daimary of this party was elected to the Rajya Sabha in May, 2008. BPF had 10 members in the 12th Assam Legislative Assembly, and it is a constituent of the current Indian National Congress led ruling coalition in Assam.[2] In the 2011 Assam Assembly election, BPF won 12 seats.
"
"2014-06-20 16:00:42","The Bodoland People's Front (BPF) is a state political party in Assam state in northeastern India. In the general election, 2009 its candidate, Sansuma Khunggur Bwiswmuthiary was elected to the 15th Lok Sabha from Kokrajhar constituency. Biswajit Daimary of this party was elected to the Rajya Sabha in May, 2008. BPF had 10 members in the 12th Assam Legislative Assembly, and it is a constituent of the current Indian National Congress led ruling coalition in Assam.[2] In the 2011 Assam Assembly election, BPF won 12 seats.
"
"2014-06-05 09:54:42","The Bodoland People's Front (BPF) is a state political party in Assam state in northeastern India. In the general election, 2009 its candidate, Sansuma Khunggur Bwiswmuthiary was elected to the 15th Lok Sabha from Kokrajhar constituency. Biswajit Daimary of this party was elected to the Rajya Sabha in May, 2008. BPF had 10 members in the 12th Assam Legislative Assembly, and it is a constituent of the current Indian National Congress led ruling coalition in Assam.[2] In the 2011 Assam Assembly election, BPF won 12 seats.
"
"2014-05-18 07:08:44","The Bodoland People's Front (BPF) is a state political party in Assam state in northeastern India. In the general election, 2009 its candidate, Sansuma Khunggur Bwiswmuthiary was elected to the 15th Lok Sabha from Kokrajhar constituency. Biswajit Daimary of this party was elected to the Rajya Sabha in May, 2008. BPF had 10 members in the 12th Assam Legislative Assembly, and it is a constituent of the current Indian National Congress led ruling coalition in Assam.[1] In the 2011 Assam Assembly election, BPF won 12 seats.
"
"2014-04-08 07:17:21","The Bodoland People's Front (BPF) is a state political party in Assam state in northeastern India. In the general election, 2009 its candidate, Sansuma Khunggur Bwiswmuthiary was elected to the 15th Lok Sabha from Kokrajhar constituency. Biswajit Daimary of this party was elected to the Rajya Sabha in May, 2008. BPF had 10 members in the 12th Assam Legislative Assembly, and it is a constituent of the current Indian National Congress led ruling coalition in Assam.[1] In the 2011 Assam Assembly election, BPF won 12 seats.
"
"2013-11-17 14:27:53","The Bodoland People's Front (BPF) is a state political party in Assam state in northeastern India. In the general election, 2009 its candidate, Sansuma Khunggur Bwiswmuthiary was elected to the 15th Lok Sabha from Kokrajhar constituency. Biswajit Daimary of this party was elected to the Rajya Sabha in May, 2008. BPF had 10 members in the 12th Assam Legislative Assembly, and it is a constituent of the current Indian National Congress led ruling coalition in Assam.[1] In the 2011 Assam Assembly election, BPF won 12 seats.
"
"2013-08-24 06:53:07","The Bodoland People's Front (BPF) is a state political party in Assam state in northeastern India. In the general election, 2009 its candidate, Sansuma Khunggur Bwiswmuthiary was elected to the 15th Lok Sabha from Kokrajhar constituency. Biswajit Daimary of this party was elected to the Rajya Sabha in May, 2008. BPF had 10 members in the 12th Assam Legislative Assembly, and it is a constituent of the current Indian National Congress led ruling coalition in Assam.[1] In the 2011 Assam Assembly election, BPF won 12 seats.
"
"2013-08-18 11:25:43","The Bodoland People's Front (BPF) is a state political party in Assam state in northeastern India. In the general election, 2009 its candidate, Sansuma Khunggur Bwiswmuthiary was elected to the 15th Lok Sabha from Kokrajhar constituency. Biswajit Daimary of this party was elected to the Rajya Sabha in May, 2008. BPF had 10 members in the 12th Assam Legislative Assembly, and it is a constituent of the current Indian National Congress led ruling coalition in Assam.[1] In the 2011 Assam Assembly election, BPF won 12 seats.
"
"2013-06-26 20:46:33","The Bodoland People's Front (BPF) is a state political party in Assam state in northeastern India. In the general election, 2009 its candidate, Sansuma Khunggur Bwiswmuthiary was elected to the 15th Lok Sabha from Kokrajhar constituency. Biswajit Daimary of this party was elected to the Rajya Sabha in May, 2008. BPF had 10 members in the 12th Assam Legislative Assembly, and it is a constituent of the current Indian National Congress led ruling coalition in Assam.[1] In the 2011 Assam Assembly election, BPF won 12 seats.
"
"2013-06-26 20:25:23","The Bodoland People's Front (BPF) is a state political party in Assam state in northeastern India. In the general election, 2009 its candidate, Sansuma Khunggur Bwiswmuthiary was elected to the 15th Lok Sabha from Kokrajhar constituency. Biswajit Daimary of this party was elected to the Rajya Sabha in May, 2008. BPF had 10 members in the 12th Assam Legislative Assembly, and it is a constituent of the current Indian National Congress led ruling coalition in Assam.[1] In the 2011 Assam Assembly election, BPF won 12 seats.
The BPF is only one established political party among the Bodos.
"
"2013-03-20 15:23:36","The Bodoland People's Front (BPF) is a state political party in Assam state in northeastern India. In the general election, 2009 its candidate, Sansuma Khunggur Bwiswmuthiary was elected to the 15th Lok Sabha from Kokrajhar constituency. Biswajit Daimary of this party was elected to the Rajya Sabha in May, 2008. BPF had 10 members in the 12th Assam Legislative Assembly, and it is a constituent of the current Indian National Congress led ruling coalition in Assam.[1] In the 2011 Assam Assembly election, BPF won 12 seats.
"
"2012-10-06 07:47:51","The Bodoland People's Front (BPF) is a state political party in Assam state in northeastern India. In the general election, 2009 its candidate, Sansuma Khunggur Bwiswmuthiary was elected to the 15th Lok Sabha from Kokrajhar constituency. Biswajit Daimary of this party was elected to the Rajya Sabha in May, 2008. BPF had 10 members in the 12th Assam Legislative Assembly, and it is a constituent of the current Indian National Congress led ruling coalition in Assam.[1] In the 2011 Assam Assembly election, BPF won 12 seats.
"
"2012-10-06 07:47:47","| headquarters = Kokrajhar, Assam | loksabha_seats = 1 | rajyasabha_seats = 1 |symbol = 150px | publication = | website = http://www.bpfassam.in/%7Chttp://www.bpfassam.in/] | footnotes = | date = | year =freaking!!Bold text | source = }}
The Bodoland People's Front (BPF) is a state political party in Assam state in northeastern India. In the general election, 2009 its candidate, Sansuma Khunggur Bwiswmuthiary was elected to the 15th Lok Sabha from Kokrajhar constituency. [ In the 2011 Assam Assembly election, BPF won 12 seats.
"
"2012-09-29 01:39:38","The Bodoland People's Front (BPF) is a state political party in Assam state in northeastern India. In the general election, 2009 its candidate, Sansuma Khunggur Bwiswmuthiary was elected to the 15th Lok Sabha from Kokrajhar constituency. Biswajit Daimary of this party was elected to the Rajya Sabha in May, 2008. BPF had 10 members in the 12th Assam Legislative Assembly, and it is a constituent of the current Indian National Congress led ruling coalition in Assam.[1] In the 2011 Assam Assembly election, BPF won 12 seats.
"
"2012-05-05 12:57:13","The Bodoland People's Front (BPF) is a state political party in Assam state in northeastern India. In the general election, 2009 its candidate, Sansuma Khunggur Bwiswmuthiary was elected to the 15th Lok Sabha from Kokrajhar constituency. Biswajit Daimary of this party was elected to the Rajya Sabha in May, 2008. BPF had 10 members in the 12th Assam Legislative Assembly, and it is a constituent of the current Indian National Congress led ruling coalition in Assam.[1] In the 2011 Assam Assembly election, BPF won 12 seats.
"
"2011-05-21 10:33:02","The Bodoland People's Front (BPF) is a state political party in Assam state in northeatern India. In the general election, 2009 its candidate, Sansuma Khunggur Bwiswmuthiary was elected to the 15th Lok Sabha from Kokrajhar constituency. Biswajit Daimary of this party was elected to the Rajya Sabha in May, 2008. BPF had 10 members in the 12th Assam Legislative Assembly, and it is a constituent of the current Indian National Congress led ruling coalition in Assam.[1] In the 2011 Assam Assembly election, BPF won 12 seats.
"
"2011-03-01 10:24:38","The Bodoland People's Front (BPF) is a state political party in Assam state in northeatern India. In the general election, 2009 its candidate, Sansuma Khunggur Bwiswmuthiary was elected to the 15th Lok Sabha from Kokrajhar constituency. Biswajit Daimary of this party was elected to the Rajya Sabha in May, 2008. BPF has 10 members in the present Assam Legislative Assembly, and it is a constituent of the current Indian National Congress led ruling coalition in Assam.[1]
"
"2011-02-20 09:41:46","The Bodoland People's Front (BPF) is a state political party in Assam state in northeatern India. In the general election, 2009 its candidate, Sansuma Khunggur Bwiswmuthiary was elected to the 15th Lok Sabha from Kokrajhar constituency. Biswajit Daimary of this party was elected to the Rajya Sabha in May, 2008. BPF has 10 members in the present Assam Legislative Assembly, and it is a constituent of the current Indian National Congress led ruling coalition in Assam.[1]
"
"2011-02-19 22:28:58","The Bodoland People's Front (BPF) is a state political party in Assam state , India. In the general election, 2009 its candidate, Sansuma Khunggur Bwiswmuthiary was elected to the 15th Lok Sabha from Kokrajhar constituency. Biswajit Daimary of this party was elected to the Rajya Sabha in May, 2008. BPF has 10 members in the present Assam legislative assembly, and it is a constituent of the current Indian National Congress led ruling coalition in Assam.
"
"2011-02-19 22:28:10","The Bodoland People's Front (BPF) is a state political party in Assam state , India. In the general election, 2009 its candidate, Sansuma Khunggur Bwiswmuthiary was elected to the 15th Lok Sabha from Kokrajhar constituency. Biswajit Daimary of this party was elected to the Rajya Sabha in May, 2008. BPF has 10 members in the present Assam legislative assembly, and it is a constituent of the current Indian National Congress led ruling coalition in Assam.
"
"2010-12-17 10:20:03","The Bodoland People's Front (BPF) is a state political party in Assam state , India. In the general election, 2009 its candidate, Sansuma Khunggur Bwiswmuthiary was elected to the 15th Lok Sabha from Kokrajhar constituency. Biswajit Daimary of this party was elected to the Rajya Sabha in May, 2008. BPF has 10 members in the present Assam legislative assembly, and it is a constituent of the current Indian National Congress led ruling coalition in Assam.
"
"2010-12-10 14:44:08","The Bodoland People's Front (BPF) is a state political party in Assam state , India. In the general election, 2009 its candidate, Sansuma Khunggur Bwiswmuthiary was elected to the 15th Lok Sabha from Kokrajhar constituency. Biswajit Daimary of this party was elected to the Rajya Sabha in May, 2008. BPF has 10 members in the present Assam legislative assembly, and it is a constituent of the current Indian National Congress led ruling coalition in Assam.
"
"2009-08-20 06:26:20","The Bodoland People's Front (BPF) is a political party in Assam state in north-eastern India. In the general election, 2009 its candidate, Sansuma Khunggur Bwiswmuthiary was elected to the 15th Lok Sabha from Kokrajhar constituency. Biswajit Daimary of this party was elected to the Rajya Sabha in May, 2008. BPF has 10 members in the present Assam legislative assembly, and it is a constituent of the current Indian National Congress led ruling coalition in Assam.
"
"2009-08-19 20:27:10","The Bodoland People's Front (BPF) is a political party in Assam state in north-eastern India. Sansuma Khunggur Bwiswmuthiary of this party was elected to the 15th Lok Sabha from Kokrajhar constituency. Biswajit Daimary currently represents this party in the Rajya Sabha. BPF has 10 members in the Assam legislative assembly, and it is a constituent of the current Indian National Congress led ruling coalition in Assam.
"
