"2017-03-25 20:04:40","The Jharkhand Vikas Morcha (Prajatantrik) is a state political party in the state of Jharkhand, India . The party formed by former Jharkhand chief minister Babulal Marandi along with Stephen Marandi. The name of the party roughly translates to 'Jharkhand Progress Front (Democratic)'. The party's formation was announced by Marandi at Hazaribagh on 24 September, 2006.[3] Marandi was earlier a member of the Bharatiya Janata Party, but he quit in mid-2006 because he felt he was being sidelined in the party.
Six JVM(P) MLAs on 11 Feb 2015 joined the BJP, a day after petitioning the Speaker to allow them to sit alongside the ruling BJP-led coalition members in the state Assembly. Naveen Jaiswal (Hatia), Amar Kumar Bauri (Chandankiyari), Ganesh Ganju (Simaria), Alok Kumar Chourasia (Daltonganj), Randhir Singh (Sarath) and Janki Yadav (Barkatha) joined the party at the Jharkhand Bhavan in Delhi.
"
"2017-03-21 16:31:46","The Jharkhand Vikas Morcha (Prajatantrik) is a state political party in the state of Jharkhand, India . The party formed by former Jharkhand chief minister Babulal Marandi along with Stephen Marandi. The name of the party roughly translates to 'Jharkhand Progress Front (Democratic)'. The party's formation was announced by Marandi at Hazaribagh on 24 September, 2006.[3] Marandi was earlier a member of the Bharatiya Janata Party, but he quit in mid-2006 because he felt he was being sidelined in the party.
Six JVM(P) MLAs on 11 Feb 2015 joined the BJP, a day after petitioning the Speaker to allow them to sit alongside the ruling BJP-led coalition members in the state Assembly. Naveen Jaiswal (Hatia), Amar Kumar Bauri (Chandankiyari), Ganesh Ganju (Simaria), Alok Kumar Chourasia (Daltonganj), Randhir Singh (Sarath) and Janki Yadav (Barkatha) joined the party at the Jharkhand Bhavan in Delhi.
"
"2017-02-12 08:04:59","The Jharkhand Vikas Morcha (Prajatantrik) is a state political party in the state of Jharkhand, India . The party formed by former Jharkhand chief minister Babulal Marandi along with Stephen Marandi. The name of the party roughly translates to 'Jharkhand Progress Front (Democratic)'. The party's formation was announced by Marandi at Hazaribagh on 24 September, 2006.[3] Marandi was earlier a member of the Bharatiya Janata Party, but he quit in mid-2006 because he felt he was being sidelined in the party.
Six JVM(P) MLAs on 11 Feb 2015 joined the BJP, a day after petitioning the Speaker to allow them to sit alongside the ruling BJP-led coalition members in the state Assembly. Naveen Jaiswal (Hatia), Amar Kumar Bauri (Chandankiyari), Ganesh Ganju (Simaria), Alok Kumar Chourasia (Daltonganj), Randhir Singh (Sarath) and Janki Yadav (Barkatha) joined the party at the Jharkhand Bhavan in Delhi.
"
"2016-12-14 02:16:02","The Jharkhand Vikas Morcha (Prajatantrik) is a state political party in the state of Jharkhand, India . The party formed by former Jharkhand chief minister Babulal Marandi along with Stephen Marandi. The name of the party roughly translates to 'Jharkhand Progress Front (Democratic)'. The party's formation was announced by Marandi at Hazaribagh on 24 September, 2006.[3] Marandi was earlier a member of the Bharatiya Janata Party, but he quit in mid-2006 because he felt he was being sidelined in the party.
Six JVM(P) MLAs on 11 Feb 2015 joined the BJP, a day after petitioning the Speaker to allow them to sit alongside the ruling BJP-led coalition members in the state Assembly. Naveen Jaiswal (Hatia), Amar Kumar Bauri (Chandankiyari), Ganesh Ganju (Simaria), Alok Kumar Chourasia (Daltonganj), Ranjit Singh (Sarath) and Janki Yadav (Barkatha) joined the party at the Jharkhand Bhavan in Delhi.
"
"2016-06-21 11:05:22","The Jharkhand Vikas Morcha (Prajatantrik) is a state political party in the state of Jharkhand, India . The party formed by former Jharkhand chief minister Babulal Marandi along with Stephen Marandi. The name of the party roughly translates to 'Jharkhand Progress Front (Democratic)'. The party's formation was announced by Marandi at Hazaribagh on 24 September, 2006.[3] Marandi was earlier a member of the Bharatiya Janata Party, but he quit in mid-2006 because he felt he was being sidelined in the party.
Six JVM(P) MLAs on 11 Feb 2015 joined the BJP, a day after petitioning the Speaker to allow them to sit alongside the ruling BJP-led coalition members in the state Assembly. Naveen Jaiswal (Hatia), Amar Kumar Bauri (Chandankiyari), Ganesh Ganju (Simaria), Alok Kumar Chourasia (Daltonganj), Ranjit Singh (Sarath) and Janki Yadav (Barkatha) joined the party at the Jharkhand Bhavan in Delhi.
"
"2016-06-20 11:58:11","The Jharkhand Vikas Morcha (Prajatantrik) is a state political party in the state of Jharkhand, India . The party formed by former Jharkhand chief minister Babulal Marandi along with Stephen Marandi. The name of the party roughly translates to 'Jharkhand Progress Front (Democratic)'. The party's formation was announced by Marandi at Hazaribagh on 24 September, 2006.[3] Marandi was earlier a member of the Bharatiya Janata Party, but he quit in mid-2006 because he felt he was being sidelined in the party.
Six JVM(P) MLAs on 11 Feb 2015 joined the BJP, a day after petitioning the Speaker to allow them to sit alongside the ruling BJP-led coalition members in the state Assembly. Naveen Jaiswal (Hatia), Amar Kumar Bauri (Chandankiyari), Ganesh Ganju (Simaria), Alok Kumar Chourasia (Daltonganj), Ranjit Singh (Sarath) and Janki Yadav (Barkatha) joined the party at the Jharkhand Bhavan in Delhi.
"
"2016-06-04 17:27:13","The Jharkhand Vikas Morcha (Prajatantrik) is a state political party in the state of Jharkhand, India . The party formed by former Jharkhand chief minister Babulal Marandi along with Stephen Marandi. The name of the party roughly translates to 'Jharkhand Progress Front (Democratic)'. The party's formation was announced by Marandi at Hazaribagh on 24 September, 2006.[3] Marandi was earlier a member of the Bharatiya Janata Party, but he quit in mid-2006 because he felt he was being sidelined in the party.
Six JVM(P) MLAs on 11 Feb 2015 joined the BJP, a day after petitioning the Speaker to allow them to sit alongside the ruling BJP-led coalition members in the state Assembly. Naveen Jaiswal (Hatia), Amar Kumar Bauri (Chandankiyari), Ganesh Ganju (Simaria), Alok Kumar Chourasia (Daltonganj), Ranjit Singh (Sarath) and Janki Yadav (Barkatha) joined the party at the Jharkhand Bhavan in Delhi.
"
"2016-04-09 07:34:30","The Jharkhand Vikas Morcha (Prajatantrik) is a state political party in the state of Jharkhand, India . The party formed by former Jharkhand chief minister Babulal Marandi. The name of the party roughly translates to 'Jharkhand Progress Front (Democratic)'. The party's formation was announced by Marandi at Hazaribagh on 24 September, 2006.[3] Marandi was earlier a member of the Bharatiya Janata Party, but he quit in mid-2006 because he felt he was being sidelined in the party.
Six JVM(P) MLAs on 11 Feb 2015 joined the BJP, a day after petitioning the Speaker to allow them to sit alongside the ruling BJP-led coalition members in the state Assembly. Naveen Jaiswal (Hatia), Amar Kumar Bauri (Chandankiyari), Ganesh Ganju (Simaria), Alok Kumar Chourasia (Daltonganj), Ranjit Singh (Sarath) and Janki Yadav (Barkatha) joined the party at the Jharkhand Bhavan in Delhi.
"
"2015-08-21 16:08:06","The Jharkhand Vikas Morcha (Prajatantrik) is a state political party in the state of Jharkhand, India . The party formed by former Jharkhand chief minister Babulal Marandi. The name of the party roughly translates to 'Jharkhand Progress Front (Democratic)'. The party's formation was announced by Marandi at Hazaribagh on 24 September, 2006.[3] Marandi was earlier a member of the Bharatiya Janata Party, but he quit in mid-2006 because he felt he was being sidelined in the party.
Dr. Ajay Kumar won the June 2011 Jamshedpur parliamentary by-election contest by a whooping margin on the JVM(P) ticket.[4] This seat was previously a traditional seat for BJP. Dr. Ajay Kumar is an IPS officer who also is a doctor, holds an MBA degree, and is currently the CEO of Max Neeman, a company of the Max Group. He had an image of clean, honest, and trustworthy person in Jamshedpur after he freed the city from the clutches of mafias and criminals during his stint as an SP of Jamshedpur in the early 90s.[5]
Six JVM(P) MLAs on 11 Feb 2015 joined the BJP, a day after petitioning the Speaker to allow them to sit alongside the ruling BJP-led coalition members in the state Assembly. Naveen Jaiswal (Hatia), Amar Kumar Bauri (Chandankiyari), Ganesh Ganju (Simaria), Alok Kumar Chourasia (Daltonganj), Ranjit Singh (Sarath) and Janki Yadav (Barkatha) joined the party at the Jharkhand Bhavan in Delhi.
"
"2015-04-20 06:07:41","The Jharkhand Vikas Morcha (Prajatantrik) is a state political party in the state of Jharkhand, India . The party formed by former Jharkhand chief minister Babulal Marandi. The name of the party roughly translates to 'Jharkhand Progress Front (Democratic)'. The party's formation was announced by Marandi at Hazaribagh on 24 September, 2006.[3] Marandi was earlier a member of the Bharatiya Janata Party, but he quit in mid-2006 because he felt he was being sidelined in the party.
Dr. Ajay Kumar won the June 2011 Jamshedpur parliamentary by-election contest by a whooping margin on the JVM(P) ticket.[4] This seat was previously a traditional seat for BJP. Dr. Ajay Kumar is an IPS officer who also is a doctor, holds an MBA degree, and is currently the CEO of Max Neeman, a company of the Max Group. He had an image of clean, honest, and trustworthy person in Jamshedpur after he freed the city from the clutches of mafias and criminals during his stint as an SP of Jamshedpur in the early 90s.[5]
Six JVM(P) MLAs on 11 Feb 2015 joined the BJP, a day after petitioning the Speaker to allow them to sit alongside the ruling BJP-led coalition members in the state Assembly. Naveen Jaiswal (Hatia), Amar Kumar Bauri (Chandankiyari), Ganesh Ganju (Simeria), Alok Kumar Chourasia (Daltonganj), Ranjit Singh (Sarath) and Janki Yadav (Barkatha) joined the party at the Jharkhand Bhavan in Delhi.
"
"2015-02-11 09:05:07","The Jharkhand Vikas Morcha (Prajatantrik) is a state political party in the state of Jharkhand, India . The party formed by former Jharkhand chief minister Babulal Marandi. The name of the party roughly translates to 'Jharkhand Progress Front (Democratic)'. The party's formation was announced by Marandi at Hazaribagh on 24 September, 2006.[3] Marandi was earlier a member of the Bharatiya Janata Party, but he quit in mid-2006 because he felt he was being sidelined in the party.
Dr. Ajay Kumar won the June 2011 Jamshedpur parliamentary by-election contest by a whooping margin on Jharkhand Vikas Morcha ticket.[4] This seat was previously a traditional seat for BJP. Dr. Ajay Kumar is an IPS officer who also is a doctor, holds an MBA degree, and currently CEO of Max Neeman, a co. of Max group. He has an image of clean, honest, and trustworthy person among Jamshedpur people after he freed the city from clutches of mafias and criminals during his stint as an SP of Jamshedpur in the early 90s.[5]
Six Jharkhand Vikas Morcha (Prajatantrik) MLAs on 11 Feb 2015 joined the BJP, a day after petitioning the Speaker to allow them to sit alongside ruling BJP-led coalition members in the state Assembly.
“Naveen Jaiswal (Hatia), Amar Kumar Bauri (Chandankiyari), Ganesh Ganju (Simeria), Alok Kumar Chourasia (Daltonganj), Ranjit Singh (Sarath) and Janki Yadav (Barkatha) joined the party at Jharkhand Bhavan in Delhi”
"
"2015-02-11 09:02:36","The Jharkhand Vikas Morcha (Prajatantrik) is a state political party in the state of Jharkhand, India . The party formed by former Jharkhand chief minister Babulal Marandi. The name of the party roughly translates to 'Jharkhand Progress Front (Democratic)'. The party's formation was announced by Marandi at Hazaribagh on 24 September, 2006.[3] Marandi was earlier a member of the Bharatiya Janata Party, but he quit in mid-2006 because he felt he was being sidelined in the party.
Dr. Ajay Kumar won the June 2011 Jamshedpur parliamentary by-election contest by a whooping margin on Jharkhand Vikas Morcha ticket.[4] This seat was previously a traditional seat for BJP. Dr. Ajay Kumar is an IPS officer who also is a doctor, holds an MBA degree, and currently CEO of Max Neeman, a co. of Max group. He has an image of clean, honest, and trustworthy person among Jamshedpur people after he freed the city from clutches of mafias and criminals during his stint as an SP of Jamshedpur in the early 90s.[5]
"
"2015-02-09 00:17:32","The Jharkhand Vikas Morcha (Prajatantrik) is a state political party in the state of Jharkhand, India . The party formed by former Jharkhand chief minister Babulal Marandi. The name of the party roughly translates to 'Jharkhand Progress Front (Democratic)'. The party's formation was announced by Marandi at Hazaribagh on 24 September, 2006.[3] Marandi was earlier a member of the Bharatiya Janata Party, but he quit in mid-2006 because he felt he was being sidelined in the party.
Dr. Ajay Kumar won the June 2011 Jamshedpur parliamentary by-election contest by a whooping margin on Jharkhand Vikas Morcha ticket.[4] This seat was previously a traditional seat for BJP. Dr. Ajay Kumar is an IPS officer who also is a doctor, holds an MBA degree, and currently CEO of Max Neeman, a co. of Max group. He has an image of clean, honest, and trustworthy person among Jamshedpur people after he freed the city from clutches of mafias and criminals during his stint as an SP of Jamshedpur in the early 90s.[5]
"
"2014-12-25 15:23:56","The Jharkhand Vikas Morcha (Prajatantrik) is a state political party in the state of Jharkhand, India . The party formed by former Jharkhand chief minister Babulal Marandi. The name of the party roughly translates to 'Jharkhand Progress Front (Democratic)'. The party's formation was announced by Marandi at Hazaribagh on 24 September, 2006.[3] Marandi was earlier a member of the Bharatiya Janata Party, but he quit in mid-2006 because he felt he was being sidelined in the party.
Dr. Ajay Kumar won the June 2011 Jamshedpur parliamentary by-election contest by a whooping margin on Jharkhand Vikas Morcha ticket.[4] This seat was previously a traditional seat for BJP. Dr. Ajay Kumar is an IPS officer who also is a doctor, holds an MBA degree, and currently CEO of Max Neeman, a co. of Max group. He has an image of clean, honest, and trustworthy person among Jamshedpur people after he freed the city from clutches of mafias and criminals during his stint as an SP of Jamshedpur in the early 90s.[5]
"
"2014-11-24 15:00:08","The Jharkhand Vikas Morcha (Prajatantrik) is a state political party in the state of Jharkhand, India . The party formed by former Jharkhand chief minister Babulal Marandi. The name of the party roughly translates to 'Jharkhand Progress Front (Democratic)'. The party's formation was announced by Marandi at Hazaribagh on 24 September, 2006.[3] Marandi was earlier a member of the Bharatiya Janata Party, but he quit in mid-2006 because he felt he was being sidelined in the party.
Dr. Ajay Kumar won the June 2011 Jamshedpur parliamentary by-election contest by a whooping margin on Jharkhand Vikas Morcha ticket.[4] This seat was previously a traditional seat for BJP. Dr. Ajay Kumar is an IPS officer who also is a doctor, holds an MBA degree, and currently CEO of Max Neeman, a co. of Max group. He has an image of clean, honest, and trustworthy person among Jamshedpur people after he freed the city from clutches of mafias and criminals during his stint as an SP of Jamshedpur in the early 90s.[5]
"
"2014-07-30 17:02:05","The Jharkhand Vikas Morcha (Prajatantrik) is a state political party in the state of Jharkhand, India . The party formed by former Jharkhand chief minister Babulal Marandi. The name of the party roughly translates to 'Jharkhand Progress Front (Democratic)'. The party's formation was announced by Marandi at Hazaribagh on 24 September, 2006.[3] Marandi was earlier a member of the Bharatiya Janata Party, but he quit in mid-2006 because he felt he was being sidelined in the party.
Dr. Ajay Kumar won the June 2011 Jamshedpur parliamentary by-election contest by a whooping margin on Jharkhand Vikas Morcha ticket.[4] This seat was previously a traditional seat for BJP. Dr. Ajay Kumar is an IPS officer who also is a doctor, holds an MBA degree, and currently CEO of Max Neeman, a co. of Max group. He has an image of clean, honest, and trustworthy person among Jamshedpur people after he freed the city from clutches of mafias and criminals during his stint as an SP of Jamshedpur in the early 90s.[5]
"
"2014-06-08 15:59:03","The Jharkhand Vikas Morcha (Prajatantrik) is a state political party in the state of Jharkhand, India . The party formed by former Jharkhand chief minister Babulal Marandi. The name of the party roughly translates to 'Jharkhand Progress Front (Democratic)'. The party's formation was announced by Marandi at Hazaribagh on 24 September, 2006.[3] Marandi was earlier a member of the Bharatiya Janata Party, but he quit in mid-2006 because he felt he was being sidelined in the party.
Dr. Ajay Kumar won the June 2011 Jamshedpur parliamentary by-election contest by a whooping margin on Jharkhand Vikas Morcha ticket.[4] This seat was previously a traditional seat for BJP. Dr. Ajay Kumar is an IPS officer who also is a doctor, holds an MBA degree, and currently CEO of Max Neeman, a co. of Max group. He has an image of clean, honest, and trustworthy person among Jamshedpur people after he freed the city from clutches of mafias and criminals during his stint as an SP of Jamshedpur in the early 90s.[5]
"
"2014-06-05 10:51:48","The Jharkhand Vikas Morcha (Prajatantrik) is a state political party in the state of Jharkhand, India . The party formed by former Jharkhand chief minister Babulal Marandi. The name of the party roughly translates to 'Jharkhand Progress Front (Democratic)'. The party's formation was announced by Marandi at Hazaribagh on 24 September, 2006.[3] Marandi was earlier a member of the Bharatiya Janata Party, but he quit in mid-2006 because he felt he was being sidelined in the party.
Dr. Ajay Kumar won the June 2011 Jamshedpur parliamentary by-election contest by a whooping margin on Jharkhand Vikas Morcha ticket.[4] This seat was previously a traditional seat for BJP. Dr. Ajay Kumar is an IPS officer who also is a doctor, holds an MBA degree, and currently CEO of Max Neeman, a co. of Max group. He has an image of clean, honest, and trustworthy person among Jamshedpur people after he freed the city from clutches of mafias and criminals during his stint as an SP of Jamshedpur in the early 90s.[5]
"
"2014-05-17 21:34:03","The Jharkhand Vikas Morcha (Prajatantrik) is a state political party in the state of Jharkhand, India . The party formed by former Jharkhand chief minister Babulal Marandi. The name of the party roughly translates to 'Jharkhand Progress Front (Democratic)'. The party's formation was announced by Marandi at Hazaribagh on 24 September, 2006.[2] Marandi was earlier a member of the Bharatiya Janata Party, but he quit in mid-2006 because he felt he was being sidelined in the party.
Dr. Ajay Kumar won the June 2011 Jamshedpur parliamentary by-election contest by a whooping margin on Jharkhand Vikas Morcha ticket.[3] This seat was previously a traditional seat for BJP. Dr. Ajay Kumar is an IPS officer who also is a doctor, holds an MBA degree, and currently CEO of Max Neeman, a co. of Max group. He has an image of clean, honest, and trustworthy person among Jamshedpur people after he freed the city from clutches of mafias and criminals during his stint as an SP of Jamshedpur in the early 90s.[4]
"
"2014-04-20 15:49:04","The Jharkhand Vikas Morcha (Prajatantrik) is a state political party in the state of Jharkhand, India . The party formed by former Jharkhand chief minister Babulal Marandi. The name of the party roughly translates to 'Jharkhand Progress Front (Democratic)'. The party's formation was announced by Marandi at Hazaribagh on 24 September, 2006.[2] Marandi was earlier a member of the Bharatiya Janata Party, but he quit in mid-2006 because he felt he was being sidelined in the party.
Dr. Ajay Kumar won the June 2011 Jamshedpur parliamentary by-election contest by a whooping margin on Jharkhand Vikas Morcha ticket.[3] This seat was previously a traditional seat for BJP. Dr. Ajay Kumar is an IPS officer who also is a doctor, holds an MBA degree, and currently CEO of Max Neeman, a co. of Max group. He has an image of clean, honest, and trustworthy person among Jamshedpur people after he freed the city from clutches of mafias and criminals during his stint as an SP of Jamshedpur in the early 90s.[4]
"
"2014-04-16 07:15:15","The Jharkhand Vikas Morcha (Prajatantrik) is a state political party in the state of Jharkhand, India . The party formed by former Jharkhand chief minister Babulal Marandi. The name of the party roughly translates to 'Jharkhand Progress Front (Democratic)'. The party's formation was announced by Marandi at Hazaribagh on 24 September, 2006.[2] Marandi was earlier a member of the Bharatiya Janata Party, but he quit in mid-2006 because he felt he was being sidelined in the party.
Dr. Ajay Kumar won the June 2011 Jamshedpur parliamentary by-election contest by a whooping margin on Jharkhand Vikas Morcha ticket.[3] This seat was previously a traditional seat for BJP. Dr. Ajay Kumar is an IPS officer who also is a doctor, holds an MBA degree, and currently CEO Of Max group. He has an image of clean, honest, and trustworthy person among Jamshedpur people after he freed the city from clutches of mafias and criminals during his stint as an SP of Jamshedpur in the early 90s.[4]
"
"2014-04-16 07:12:06","The Jharkhand Vikas Morcha (Prajatantrik) is a state political party in the state of Jharkhand, India . The party formed by former Jharkhand chief minister Babulal Marandi. The name of the party roughly translates to 'Jharkhand Progress Front (Democratic)'. The party's formation was announced by Marandi at Hazaribagh on 24 September, 2006.[2] Marandi was earlier a member of the Bharatiya Janata Party, but he quit in mid-2006 because he felt he was being sidelined in the party.
Dr. Ajay Kumar won the June 2011 Jamshedpur parliamentary by-election contest by a whooping margin on Jharkhand Vikas Morcha ticket.[3] This seat was previously a traditional seat for BJP. Dr. Ajay Kumar is an IPS officer who also is a doctor, holds an MBA degree, and currently CEO Of Max group. He has an image of clean, honest, and trustworthy person among Jamshedpur people after he freed the city from clutches of mafias and criminals during his stint as an SP of Jamshedpur in the early 90s.[4]
"
"2014-04-09 03:46:14","The Jharkhand Vikas Morcha (Prajatantrik) is a state political party in the state of Jharkhand, India . The party formed by former Jharkhand chief minister Babulal Marandi. The name of the party roughly translates to 'Jharkhand Progress Front (Democratic)'. The party's formation was announced by Marandi at Hazaribagh on 24 September, 2006.[2] Marandi was earlier a member of the Bharatiya Janata Party, but he quit in mid-2006 because he felt he was being sidelined in the party.
Dr. Ajay Kumar won the June 2011 Jamshedpur parliamentary by-election contest by a whooping margin on Jharkhand Vikas Morcha ticket.[3] This seat was previously a traditional seat for BJP. Dr. Ajay Kumar is an IPS officer who also is a doctor, holds an MBA degree, and currently CEO Of Max group. He has an image of clean, honest, and trustworthy person among Jamshedpur people after he freed the city from clutches of mafias and criminals during his stint as an SP of Jamshedpur in the early 90s.[4]
"
"2014-04-08 07:25:03","The Jharkhand Vikas Morcha (Prajatantrik) is a state political party in the state of Jharkhand, India . The party formed by former Jharkhand chief minister Babulal Marandi. The name of the party roughly translates to 'Jharkhand Progress Front (Democratic)'. The party's formation was announced by Marandi at Hazaribagh on 24 September, 2006.[2] Marandi was earlier a member of the Bharatiya Janata Party, but he quit in mid-2006 because he felt he was being sidelined in the party.
Dr. Ajay Kumar won the June 2011 Jamshedpur parliamentary by-election contest by a whooping margin on Jharkhand Vikas Morcha ticket.[3] This seat was previously a traditional seat for BJP. Dr. Ajay Kumar is an IPS officer who also is a doctor, holds an MBA degree, and currently CEO Of Max group. He has an image of clean, honest, and trustworthy person among Jamshedpur people after he freed the city from clutches of mafias and criminals during his stint as an SP of Jamshedpur in the early 90s.[4]
"
"2014-03-29 10:52:43","The Jharkhand Vikas Morcha (Prajatantrik) is a state political party in the state of Jharkhand, India . The party formed by former Jharkhand chief minister Babulal Marandi. The name of the party roughly translates to 'Jharkhand Progress Front (Democratic)'. The party's formation was announced by Marandi at Hazaribagh on 24 September, 2006.[2] Marandi was earlier a member of the Bharatiya Janata Party, but he quit in mid-2006 because he felt he was being sidelined in the party.
Dr. Ajay Kumar won the June 2011 Jamshedpur parliamentary by-election contest by a whooping margin on Jharkhand Vikas Morcha ticket.[3] This seat was previously a traditional seat for BJP. Dr. Ajay Kumar is an IPS officer who also is a doctor, holds an MBA degree, and currently CEO Of Max group. He has an image of clean, honest, and trustworthy person among Jamshedpur people after he freed the city from clutches of mafias and criminals during his stint as an SP of Jamshedpur in the early 90s.[4]
"
"2014-03-29 10:05:32","The Jharkhand Vikas Morcha (Prajatantrik) is a state political party in the state of Jharkhand, India . The party formed by former Jharkhand chief minister Babulal Marandi. The name of the party roughly translates to 'Jharkhand Progress Front (Democratic)'. The party's formation was announced by Marandi at Hazaribagh on 24 September, 2006.[2] Marandi was earlier a member of the Bharatiya Janata Party, but he quit in mid-2006 because he felt he was being sidelined in the party.
Dr. Ajay Kumar won the June 2011 Jamshedpur parliamentary by-election contest by a whooping margin on Jharkhand Vikas Morcha ticket.[3] This seat was previously a traditional seat for BJP. Dr. Ajay Kumar is an IPS officer who also is a doctor, holds an MBA degree, and currently CEO Of Max group. He has an image of clean, honest, and trustworthy person among Jamshedpur people after he freed the city from clutches of mafias and criminals during his stint as an SP of Jamshedpur in the early 90s.[4]many renound personality has joined the jvm since its foundation. further it is fastest growing party of jharkhand.

"
"2014-03-04 06:52:42","The Jharkhand Vikas Morcha (Prajatantrik) is a state political party in the state of Jharkhand, India . The party formed by former Jharkhand chief minister Babulal Marandi. The name of the party roughly translates to 'Jharkhand Progress Front (Democratic)'. The party's formation was announced by Marandi at Hazaribagh on 24 September, 2006.[2] Marandi was earlier a member of the Bharatiya Janata Party, but he quit in mid-2006 because he felt he was being sidelined in the party.
Dr. Ajay Kumar won the June 2011 Jamshedpur parliamentary by-election contest by a whooping margin on Jharkhand Vikas Morcha ticket.[3] This seat was previously a traditional seat for BJP. Dr. Ajay Kumar is an IPS officer who also is a doctor, holds an MBA degree, and currently CEO Of Max group. He has an image of clean, honest, and trustworthy person among Jamshedpur people after he freed the city from clutches of mafias and criminals during his stint as an SP of Jamshedpur in the early 90s.[4]
"
"2013-11-17 15:02:38","The Jharkhand Vikas Morcha (Prajatantrik) is a state political party in the state of Jharkhand, India . The party formed by former Jharkhand chief minister Babulal Marandi. The name of the party roughly translates to 'Jharkhand Progress Front (Democratic)'. The party's formation was announced by Marandi at Hazaribagh on 24 September, 2006.[3] Marandi was earlier a member of the Bharatiya Janata Party, but he quit in mid-2006 because he felt he was being sidelined in the party.
Dr. Ajay Kumar won the June 2011 Jamshedpur parliamentary by-election contest by a whooping margin on Jharkhand Vikas Morcha ticket.[4] This seat was previously a traditional seat for BJP. Dr. Ajay Kumar is an IPS officer who also is a doctor, holds an MBA degree, and currently CEO Of Max group. He has an image of clean, honest, and trustworthy person among Jamshedpur people after he freed the city from clutches of mafias and criminals during his stint as an SP of Jamshedpur in the early 90s.[5]
"
"2013-08-18 11:30:28","The Jharkhand Vikas Morcha (Prajatantrik) is a state political party in the state of Jharkhand, India . The party formed by former Jharkhand chief minister Babulal Marandi. The name of the party roughly translates to 'Jharkhand Progress Front (Democratic)'. The party's formation was announced by Marandi at Hazaribagh on 24 September, 2006.[3] Marandi was earlier a member of the Bharatiya Janata Party, but he quit in mid-2006 because he felt he was being sidelined in the party.
Dr. Ajay Kumar won the June 2011 Jamshedpur parliamentary by-election contest by a whooping margin on Jharkhand Vikas Morcha ticket.[4] This seat was previously a traditional seat for BJP. Dr. Ajay Kumar is an IPS officer who also is a doctor, holds an MBA degree, and currently CEO Of Max group. He has an image of clean, honest, and trustworthy person among Jamshedpur people after he freed the city from clutches of mafias and criminals during his stint as an SP of Jamshedpur in the early 90s.[5]
"
"2013-07-03 09:58:43","The Jharkhand Vikas Morcha (Prajatantrik) is a state political party in the state of Jharkhand, India . The party formed by former Jharkhand chief minister Babulal Marandi. The name of the party roughly translates to 'Jharkhand Progress Front (Democratic)'. The party's formation was announced by Marandi at Hazaribagh on 24 September, 2006.[3] Marandi was earlier a member of the Bharatiya Janata Party, but he quit in mid-2006 because he felt he was being sidelined in the party.
Dr. Ajay Kumar won the June 2011 Jamshedpur parliamentary by-election contest by a whooping margin on Jharkhand Vikas Morcha ticket.[4] This seat was previously a traditional seat for BJP. Dr. Ajay Kumar is an IPS officer who also is a doctor, holds an MBA degree, and currently CEO Of Max group. He has an image of clean, honest, and trustworthy person among Jamshedpur people after he freed the city from clutches of mafias and criminals during his stint as an SP of Jamshedpur in the early 90s.[5]
"
"2013-05-06 02:08:05","The Jharkhand Vikas Morcha (Prajatantrik) is a state political party in the state of Jharkhand, India . The party formed by former Jharkhand chief minister Babulal Marandi. The name of the party roughly translates to 'Jharkhand Progress Front (Democratic)'. The party's formation was announced by Marandi at Hazaribagh on 24 September, 2006.[3] Marandi was earlier a member of the Bharatiya Janata Party, but he quit in mid-2006 because he felt he was being sidelined in the party.
Dr. Ajay Kumar won the June 2011 Jamshedpur parliamentary by-election contest by a whooping margin on Jharkhand Vikas Morcha ticket.[4] This seat was previously a traditional seat for BJP. Dr. Ajay Kumar is an IPS officer who also is a doctor, holds an MBA degree, and currently CEO Of Max group. He has an image of clean, honest, and trustworthy person among Jamshedpur people after he freed the city from clutches of mafias and criminals during his stint as an SP of Jamshedpur in the early 90s.[5]
"
"2013-03-20 20:11:59","The Jharkhand Vikas Morcha (Prajatantrik) is a state political party in the state of Jharkhand, India . The party formed by former Jharkhand chief minister Babulal Marandi. The name of the party roughly translates to 'Jharkhand Progress Front (Democratic)'. The party's formation was announced by Marandi at Hazaribagh on 24 September, 2006.[3] Marandi was earlier a member of the Bharatiya Janata Party, but he quite in mid 2006 because he felt he was being sidelined in the party.
Dr. Ajay Kumar won the June 2011 Jamshedpur parliamentary by-election contest by a whooping margin on Jharkhand Vikas Morcha ticket.[4] This seat was previously a traditional seat for BJP. Dr. Ajay Kumar is an IPS officer who also is a doctor, holds an MBA degree, and currently CEO Of Max group. He has an image of clean, honest, and trustworthy person among Jamshedpur people after he freed the city from clutches of mafias and criminals during his stint as an SP of Jamshedpur in the early 90s.[5]
"
"2013-01-28 06:08:05","The Jharkhand Vikas Morcha (Prajatantrik) is a state political party in the state of Jharkhand, India . The party formed by former Jharkhand chief minister Babulal Marandi. The name of the party roughly translates to 'Jharkhand Progress Front (Democratic)'. The party's formation was announced by Marandi at Hazaribagh on 24 September, 2006.[3] Marandi was earlier a member of the Bharatiya Janata Party, but he quite in mid 2006 because he felt he was being sidelined in the party.
Dr. Ajay Kumar won the June 2011 Jamshedpur parliamentary by-election contest by a whooping margin on Jharkhand Vikas Morcha ticket.[4] This seat was previously a traditional seat for BJP. Dr. Ajay Kumar is an IPS officer who also is a doctor, holds an MBA degree, and currently CEO Of Max group. He has an image of clean, honest, and trustworthy person among Jamshedpur people after he freed the city from clutches of mafias and criminals during his stint as an SP of Jamshedpur in the early 90s.[5]
"
"2013-01-26 05:39:25","The Jharkhand Vikas Morcha (Prajatantrik) is a state political party in the state of Jharkhand, India . The party formed by former Jharkhand chief minister Babulal Marandi. The name of the party roughly translates to 'Jharkhand Progress Front (Democratic)'. The party's formation was announced by Marandi at Hazaribagh on 24 September,2006.[3] Marandi was earlier a member of the Bharatiya Janata Party, but he quite in mid 2006 because he felt he was being sidelined in the party.
Dr. Ajay Kumar won the June 2011 Jamshedpur parliamentary by-election contest by a whooping margin on Jharkhand Vikas Morcha ticket.[4] This seat was previously a traditional seat for BJP. Dr. Ajay Kumar is an IPS officer who also is a doctor, holds an MBA degree, and currently CEO Of Max group. He has an image of clean, honest, and trustworthy person among Jamshedpur people after he freed the city from clutches of mafias and criminals during his stint as an SP of Jamshedpur in the early 90s.[5]
"
"2012-12-21 15:31:06","The Jharkhand Vikas Morcha (Prajatantrik) is a state political party in the state of Jharkhand, India . The party formed by former Jharkhand chief minister Babulal Marandi. The name of the party roughly translates to 'Jharkhand Progress Front (Democratic)'. The party's formation was announced by Marandi at Hazaribagh on 24 September,2006.[1] Marandi was earlier a member of the Bharatiya Janata Party, but he quite in mid 2006 because he felt he was being sidelined in the party.
Dr. Ajay Kumar won the June 2011 Jamshedpur parliamentary by-election contest by a whooping margin on Jharkhand Vikas Morcha ticket.[2] This seat was previously a traditional seat for BJP. Dr. Ajay Kumar is an IPS officer who also is a doctor, holds an MBA degree, and currently CEO Of Max group. He has an image of clean, honest, and trustworthy person among Jamshedpur people after he freed the city from clutches of mafias and criminals during his stint as an SP of Jamshedpur in the early 90s.[3]
"
"2012-10-02 14:42:08","The Jharkhand Vikas Morcha (Prajatantrik) is a state political party in the state of Jharkhand, India . The party formed by former Jharkhand chief minister Babulal Marandi. The name of the party roughly translates to 'Jharkhand Progress Front (Democratic)'. The party's formation was announced by Marandi at Hazaribagh on 2006-09-24.[1] Marandi was earlier a member of the Bharatiya Janata Party, but he quite in mid 2006 because he felt he was being sidelined in the party.
Dr. Ajay Kumar won the June 2011 Jamshedpur parliamentary by-election contest by a whooping margin on Jharkhand Vikas Morcha ticket.[2] This seat was previously a traditional seat for BJP. Dr. Ajay Kumar is an IPS officer who also is a doctor, holds an MBA degree, and currently CEO Of Max group. He has an image of clean, honest, and trustworthy person among Jamshedpur people after he freed the city from clutches of mafias and criminals during his stint as an SP of Jamshedpur in the early 90s.[3]
"
"2012-08-08 01:38:25","The Jharkhand Vikas Morcha (Prajatantrik) is a state political party in the state of Jharkhand, India . The party formed by former Jharkhand chief minister Babulal Marandi. The name of the party roughly translates to 'Jharkhand Progress Front (Democratic)'. The party's formation was announced by Marandi at Hazaribagh on 2006-09-24.[1] Marandi was earlier a member of the Bharatiya Janata Party, but he quite in mid 2006 because he felt he was being sidelined in the party.
Dr. Ajay Kumar won the June 2011 Jamshedpur parliamentary by-election contest by a whooping margin on Jharkhand Vikas Morcha ticket.[2] This seat was previously a traditional seat for BJP. Dr. Ajay Kumar is an IPS officer who also is a doctor, holds an MBA degree, and currently CEO Of Max group. He has an image of clean, honest, and trustworthy person among Jamshedpur people after he freed the city from clutches of mafias and criminals during his stint as an SP of Jamshedpur in the early 90s.[3]
"
"2012-01-07 21:05:52","The Jharkhand Vikas Morcha (Prajatantrik) is a state political party in the state of Jharkhand , India . The party formed by former Jharkhand chief minister Babulal Marandi. The name of the party roughly translates to 'Jharkhand Progress Front (Democratic)'. The party's formation was announced by Marandi at Hazaribagh on 2006-09-24.[1] Marandi was earlier a member of the Bharatiya Janata Party, but he quite in mid 2006 because he felt he was being sidelined in the party.
Dr. Ajay Kumar won the June 2011 Jamshedpur parliamentary by-election contest by a whooping margin on Jharkhand Vikas Morcha ticket.[2] This seat was previously a traditional seat for BJP. Dr. Ajay Kumar is an IPS officer who also is a doctor, holds an MBA degree, and currently CEO Of Max group. He has an image of clean, honest, and trustworthy person among Jamshedpur people after he freed the city from clutches of mafias and criminals during his stint as an SP of Jamshedpur in the early 90s.[3]
"
"2011-09-25 15:55:55","The Jharkhand Vikas Morcha (Prajatantrik) is a state political party in the state of Jharkhand , India . The party formed by former Jharkhand chief minister Babulal Marandi. The name of the party roughly translates to 'Jharkhand Progress Front (Democratic)'. The party's formation was announced by Marandi at Hazaribagh on 2006-09-24.[1] Marandi was earlier a member of the Bharatiya Janata Party, but he quite in mid 2006 because he felt he was being sidelined in the party.
Dr. Ajay Kumar won the June 2011 Jamshedpur parliamentary by-election contest by a whooping margin on Jharkhand Vikas Morcha ticket.[2] This seat was previously a traditional seat for BJP. Dr. Ajay Kumar is an IPS officer who also is a doctor, holds an MBA degree, and currently CEO Of Max group. He has an image of clean, honest, and trustworthy person among Jamshedpur people after he freed the city from clutches of mafias and criminals during his stint as an SP of Jamshedpur in the early 90s.[3]
"
"2011-07-05 11:53:57","The Jharkhand Vikas Morcha (Prajatantrik) is a state political party in the state ofJharkhand , India . The party formed by former Jharkhand chief minister Babulal Marandi. The name of the party roughly translates to 'Jharkhand Progress Front (Democratic)'. The party's formation was announced by Marandi at Hazaribagh on 2006-09-24.[1] Marandi was earlier a member of the Bharatiya Janata Party, but he quite in mid 2006 because he felt he was being sidelined in the party.
Dr. Ajay Kumar won the June 2011 Jamshedpur parliamentary by-election contest by a whooping margin on Jharkhand Vikas Morcha ticket. [2] This seat was previously a traditional seat for BJP. Dr. Ajay Kumar is an IPS officer who also is a doctor, holds an MBA degree, and currently CEO Of Max group. He has an image of clean, honest, and trustworthy person among Jamshedpur people after he freed the city from clutches of mafias and criminals during his stint as an SP of Jamshedpur in the early 90s.
[3]
"
"2011-07-05 11:53:21","The Jharkhand Vikas Morcha (Prajatantrik) is a state political party in the state ofJharkhand , India . The party formed by former Jharkhand chief minister Babulal Marandi. The name of the party roughly translates to 'Jharkhand Progress Front (Democratic)'. The party's formation was announced by Marandi at Hazaribagh on 2006-09-24.[1] Marandi was earlier a member of the Bharatiya Janata Party, but he quite in mid 2006 because he felt he was being sidelined in the party.
Dr. Ajay Kumar won the June 2011 Jamshedpur parliamentary by-election contest by a whooping margin on Jharkhand Vikas Morcha ticket. [2] This seat was previously a traditional seat for BJP. Dr. Ajay Kumar is an IPS officer who also is a doctor, holds an MBA degree, and currently CEO Of Max group. He has an image of clean, honest, and trustworthy person among Jamshedpur people after he freed the city from clutches of mafias and criminals during his stint as an SP of Jamshedpur in the early 90s.
[3]
"
"2011-07-05 11:06:34","The Jharkhand Vikas Morcha (Prajatantrik) is a state political party in the state ofJharkhand , India . The party formed by former Jharkhand chief minister Babulal Marandi. The name of the party roughly translates to 'Jharkhand Progress Front (Democratic)'. The party's formation was announced by Marandi at Hazaribagh on 2006-09-24.[1] Marandi was earlier a member of the Bharatiya Janata Party, but he quite in mid 2006 because he felt he was being sidelined in the party.
Dr. Ajay Kumar won the June 2011 Jamshedpur parliamentary by-election contest by a whooping margin on Jharkhand Vikas Morcha ticket. This seat was previously a traditional seat for BJP. Dr. Ajay Kumar is an IPS officer who also is a doctor, holds an MBA degree, and currently CEO Of Max group. He has an image of clean, honest, and trustworthy person among Jamshedpur people after he freed the city from clutches of mafias and criminals during his stint as an SP of Jamshedpur in the early 90s.
[2]
"
"2011-07-04 12:43:54","The Jharkhand Vikas Morcha (Prajatantrik) is a state political party in the state ofJharkhand , India . The party formed by former Jharkhand chief minister Babulal Marandi. The name of the party roughly translates to 'Jharkhand Progress Front (Democratic)'. The party's formation was announced by Marandi at Hazaribagh on 2006-09-24.[1] Marandi was earlier a member of the Bharatiya Janata Party, but he quite in mid 2006 because he felt he was being sidelined in the party.
Dr. Ajay Kumar won the June 2011 Jamshedpur parliamentary by-election contest by a whooping margin on Jharkhand Vikas Morcha ticket. This seat was previously a traditional seat for BJP. Dr. Ajay Kumar is an IPS officer who also is a doctor, holds an MBA degree, and currently CEO Of Max group. He has an image of clean, honest, and trustworthy person among Jamshedpur people after he freed the city from clutches of mafias and criminals during his stint as an SP of Jamshedpur in the early 90s.
[2]
"
"2010-12-10 15:48:09","The Jharkhand Vikas Morcha (Prajatantrik) is a state political party in the state ofJharkhand , India . The party formed by former Jharkhand chief minister Babulal Marandi. The name of the party roughly translates to 'Jharkhand Progress Front (Democratic)'. The party's formation was announced by Marandi at Hazaribagh on 2006-09-24.[1] Marandi was earlier a member of the Bharatiya Janata Party, but he quite in mid 2006 because he felt he was being sidelined in the party.[2]
"
"2010-09-17 21:54:02","The Jharkhand Vikas Morcha (Prajatantrik) is a political party in India formed by former Jharkhand chief minister Babulal Marandi. The name of the party roughly translates to 'Jharkhand Progress Front (Democratic)'. The party's formation was announced by Marandi at Hazaribagh on 2006-09-24.[1] Marandi was earlier a member of the Bharatiya Janata Party, but he quite in mid 2006 because he felt he was being sidelined in the party.[2]
"
"2010-03-03 02:12:11","The Jharkhand Vikas Morcha (Prajatantrik) is a political party in India formed by former Jharkhand chief minister Babulal Marandi. The name of the party roughly translates to 'Jharkhand Progress Front (Democratic)'. The party's formation was announced by Marandi at Hazaribagh on 2006-09-24.[1] Marandi was earlier a member of the Bharatiya Janata Party, but he quite in mid 2006 because he felt he was being sidelined in the party.[2]
"
"2009-12-27 06:53:54","The Jharkhand Vikas Morcha (Prajatantrik) is a political party in India formed by former Jharkhand chief minister Babulal Marandi. The name of the party roughly translates to 'Jharkhand Progress Front (Democratic)'. The party's formation was announced by Marandi at Hazaribagh on 2006-09-24.[1] Marandi was earlier a member of the Bharatiya Janata Party, but he quite in mid 2006 because he felt he was being sidelined in the party.[2]
"
"2009-11-06 21:52:55","The Jharkhand Vikas Morcha (Prajatantrik) is a political party in India formed by former Jharkhand chief minister Babulal Marandi. The name of the party roughly translates to 'Jharkhand Progress Front (Democratic)'. The party's formation was announced by Marandi at Hazaribagh on 2006-09-24.[1] Marandi was earlier a member of the Bharatiya Janata Party, but he quite in mid 2006 because he felt he was being sidelined in the party.[2]
"
"2009-11-06 21:52:30","The Jharkhand Vikas Morcha (Prajatantrik) is a political party in India formed by former Jharkhand chief minister Babulal Marandi. The name of the party roughly translates to 'Jharkhand Progress Front (Democratic)'. The party's formation was announced by Marandi at Hazaribagh on 2006-09-24.[1] Marandi was earlier a member of the Bharatiya Janata Party, but he quite in mid 2006 because he felt he was being sidelined in the party.[2]
"
"2009-11-06 10:34:49","The Jharkhand Vikas Morcha (Prajatantrik) is a political party in India formed by former Jharkhand chief minister Babulal Marandi. The name of the party roughly translates to Jharkhand Progress Group (Democratic). The party's formation was announced by Marandi at Hazaribagh on 2006-09-24.[1] Marandi was earlier a member of the Bharatiya Janata Party, but he quite in mid 2006 because he felt he was being sidelined in the party.[2]
"
"2009-11-05 03:33:17","No issues specified. Please specify issues, or remove this template.
Jharkhand Vikas Morcha (D) is an regional political party under the presidency of first C.M. of Jharkhand Mr. Babulal Marandi. He formed his party after rebelling from BJP and giving resign from his C.M. post. Root of JVM(D) started from his native city Giridih.
"
"2009-11-05 03:32:41","Jharkhand Vikas Morcha (D) is an regional political party under the presidency of first C.M. of Jharkhand Mr. Babulal Marandi. He formed his party after rebelling from BJP and giving resign from his C.M. post. Root of JVM(D) started from his native city Giridih.
"
