"2017-03-05 22:52:46","United Democratic Party may refer to:
"
"2016-04-06 22:18:20","United Democratic Party may refer to:
"
"2015-08-21 12:27:27","United Democratic Party may refer to:
"
"2015-06-21 22:05:37","United Democratic Party may refer to:
"
"2012-05-17 15:18:53","United Democratic Party may refer to:

"
"2011-09-09 09:34:02","There are several political parties called the United Democratic Party.
"
"2011-09-09 09:29:40","There are several political parties called the United Democratic Party.
"
"2010-04-20 18:16:41","There are several political parties called the United Democratic Party.
"
"2010-03-17 10:34:01","There are several political parties called the United Democratic Party.
"
"2009-12-18 20:26:11","There are several political parties called the United Democratic Party.
"
"2009-10-07 02:03:12","There are several political parties called the United Democratic Party.
"
"2009-10-07 02:02:55","There are several political parties called the United Democratic Party.
See also: Democratic Party (disambiguation), List of political parties.
"
"2009-01-29 17:37:21","There are several political parties called the United Democratic Party.
See also: Democratic Party, List of political parties.
"
"2008-12-19 08:21:06","There are several political parties called the United Democratic Party.
See also: Democratic Party, List of political parties.
"
"2008-04-09 10:58:02","There are several political parties called the United Democratic Party.
See also: Democratic Party, List of political parties.
"
"2008-03-05 17:05:44","There are several political parties called the United Democratic Party.
See also: Democratic Party, List of political parties.
"
"2006-11-23 01:00:55","There are several political parties called the United Democratic Party.
See also: Democratic Party, List of political parties.
"
"2006-09-29 21:40:41","There are several political parties called the United Democratic Party.
See also: Democratic Party, List of political parties.
"
"2005-03-20 18:09:15","There are several political parties called the United Democratic Party.
See also: Democratic Party, List of political parties.
"
"2005-02-19 21:49:24","There are several political parties called the United Democratic Party.
See also: Democratic Party, List of political parties.
"
"2005-02-19 19:41:52","There are several political parties called the United Democratic Party.
See also: Democratic Party, List of political parties.
"
"2005-02-19 17:50:18","There are several political parties called the United Democratic Party.
See also: Democratic Party, List of political parties.
"
"2004-06-08 11:18:09","There are several political parties called the United Democratic Party.
See also: Democratic Party, List of political parties.
"
"2004-06-04 02:18:09","There are several political parties called the United Democratic Party.
See also: Democratic Party, List of political parties.
"
"2004-05-20 22:00:02","There are several political parties called the United Democratic Party.
See also: Democratic Party, List of political parties.
"
"2003-12-19 23:22:41","There are several political parties called the United Democratic Party.
See also: Democratic Party, List of political parties.
"
"2003-12-15 00:18:19","There are several political parties called the United Democratic Party.
See also: Democratic Party, List of political parties.
"
